Id,Probability
0043db5e8c819bffc15261b1f1ac5e42_Zone9_Img_Comb_1,0.029999999329447746
0322661ef29f9c81af295cf40f758469_Zone8_Img_Comb_1,0.029999999329447746
038d648c2f29cb0f945c865be25e32e9_Zone7_Img_Comb_1,0.029999999329447746
052117021fc1396db6bae78ffe923ee4_Zone16_Img_Comb_1,0.029999999329447746
06f07ef12a24cd5ab6aa457ac8afa2a0_Zone15_Img_Comb_1,0.029999999329447746
06ff02c1f431d0c21b945b4ea459cc88_Zone2_Img_Comb_1,0.029999999329447746
087d7648e320f02c2c41e029f6cc2cd0_Zone14_Img_Comb_1,0.029999999329447746
08daf3a6cdb4f5e1ad15cb2431ea419a_Zone3_Img_Comb_1,0.029999999329447746
098f5cfcf6faefd3011a94719cb03dc5_Zone7_Img_Comb_1,0.029999999329447746
0ae548ce1d028459baf4a1d7dae807f3_Zone1_Img_Comb_1,0.029999999329447746
0bda1483163734578cfe5ea429347f03_Zone16_Img_Comb_1,0.029999999329447746
0c933b8ef1d435d48f55abde75e4757b_Zone15_Img_Comb_1,0.029999999329447746
0d06d6cafd95360fb15573181f8f3d9a_Zone10_Img_Comb_1,0.029999999329447746
0d10b14405f0443be67a75554da778a0_Zone15_Img_Comb_1,0.029999999329447746
0d925b71485ba1f293ef8abb53fcd141_Zone16_Img_Comb_1,0.029999999329447746
0e08d031fc411f9679c7520e6f8ab4eb_Zone10_Img_Comb_1,0.029999999329447746
0e34d284cb190a79e3316d1926061bc3_Zone13_Img_Comb_1,0.029999999329447746
0e34d284cb190a79e3316d1926061bc3_Zone16_Img_Comb_1,0.029999999329447746
0fbe960b8c7c5c1ddd0a650ddf8093f0_Zone17_Img_Comb_1,0.029999999329447746
0fdad88d401b09d417ffbc490640d9e2_Zone2_Img_Comb_1,0.029999999329447746
101f6614e88de51d424770caa52669d9_Zone15_Img_Comb_1,0.029999999329447746
112c6279f156611fef5f4cf55a9f1a9d_Zone14_Img_Comb_1,0.029999999329447746
11a15dba3b885f01afe77baa3c8af99f_Zone15_Img_Comb_1,0.029999999329447746
11a15dba3b885f01afe77baa3c8af99f_Zone5_Img_Comb_1,0.029999999329447746
11f9ae01877f6c0becf49c709eddb8cb_Zone6_Img_Comb_1,0.029999999329447746
12b19cfb1d7de04755420e90f3dbd08a_Zone16_Img_Comb_1,0.029999999329447746
135089e54a97b70ab3dce4f3dd4684da_Zone16_Img_Comb_1,0.029999999329447746
137cd2942a4d022921fda492ff79d40f_Zone7_Img_Comb_1,0.029999999329447746
13bc14ee7bc8d31a150b0744a6f1e0fe_Zone11_Img_Comb_1,0.029999999329447746
13bc14ee7bc8d31a150b0744a6f1e0fe_Zone4_Img_Comb_1,0.029999999329447746
13c13b32a6f3818169394c16eae3ea52_Zone15_Img_Comb_1,0.029999999329447746
14f44a8d741ff33faccfc18f7cde6668_Zone11_Img_Comb_1,0.029999999329447746
152ba71c9e8140ec20b28dce42e9026b_Zone5_Img_Comb_1,0.029999999329447746
1563ad6be3a748453494848191d5e701_Zone3_Img_Comb_1,0.029999999329447746
15acb4dd4a23253939644369c8f3f92a_Zone14_Img_Comb_1,0.029999999329447746
15f3ca9983fea662b727676941b8d378_Zone12_Img_Comb_1,0.029999999329447746
1603eddceceddc29f790fcf5ba04bec8_Zone9_Img_Comb_1,0.029999999329447746
1636ba745a6fc4d97dba1d27825de2b0_Zone17_Img_Comb_1,0.029999999329447746
165b5c62911ad3158f2d2aed74f4a004_Zone8_Img_Comb_1,0.029999999329447746
1680190be2fb589027ff8faadba65a9d_Zone17_Img_Comb_1,0.029999999329447746
17281b53b9a17b1b5fe9ffefac82289f_Zone1_Img_Comb_1,0.029999999329447746
17281b53b9a17b1b5fe9ffefac82289f_Zone8_Img_Comb_1,0.029999999329447746
172acab0b917b44f946c94051feab878_Zone12_Img_Comb_1,0.029999999329447746
17973afbaed14ed4a6c7b5d50f74d556_Zone17_Img_Comb_1,0.029999999329447746
18937e29f0860c3178970542a16cc73b_Zone8_Img_Comb_1,0.029999999329447746
19288e1c3e8faf7f3948a4e8f1848ae9_Zone15_Img_Comb_1,0.029999999329447746
19288e1c3e8faf7f3948a4e8f1848ae9_Zone1_Img_Comb_1,0.029999999329447746
19563c098d75dbbb9f5e752d150e41b0_Zone5_Img_Comb_1,0.029999999329447746
19880a67d084ab5a0c3598051cef28e5_Zone3_Img_Comb_1,0.029999999329447746
1a10297e6c3101af33003e6c4f846f47_Zone9_Img_Comb_1,0.029999999329447746
1a9fab80d9712972c7381efd891b4688_Zone10_Img_Comb_1,0.029999999329447746
1bdbd76b8e1c2a8651262f857ed5f046_Zone14_Img_Comb_1,0.029999999329447746
1beb3744a2da2da340ef7b7f2b793e32_Zone11_Img_Comb_1,0.029999999329447746
1c72d75d0f6d86ea3b2d479d301a4a6d_Zone9_Img_Comb_1,0.029999999329447746
1d6744a9a8d2ae7914a1413b5eb47274_Zone11_Img_Comb_1,0.029999999329447746
1dad997f28f8426b5358fadc53134670_Zone10_Img_Comb_1,0.029999999329447746
1dc315eff8b277c7aae1929f7495fa44_Zone9_Img_Comb_1,0.029999999329447746
1e31ad799126d4dc9a7429ea750a1b1b_Zone13_Img_Comb_1,0.029999999329447746
1e4a14d2e1eb381b773446de1c0c0b7e_Zone14_Img_Comb_1,0.029999999329447746
1eb2501ae493867f637a9a3c08d4c17c_Zone13_Img_Comb_1,0.029999999329447746
1f4b484a158b1af3c3ae19e10406647e_Zone3_Img_Comb_1,0.029999999329447746
20bcf7a09526fc6e666c7276c4617831_Zone2_Img_Comb_1,0.029999999329447746
227c865074c91b6a1f51ee7b5e3b8eec_Zone8_Img_Comb_1,0.029999999329447746
239ca19250385147d033bd627592c582_Zone13_Img_Comb_1,0.029999999329447746
239ca19250385147d033bd627592c582_Zone7_Img_Comb_1,0.029999999329447746
23a0a0190b519b05aa748e6172728e15_Zone13_Img_Comb_1,0.029999999329447746
2477652da373365720ae7bdc907e640d_Zone4_Img_Comb_1,0.029999999329447746
2477652da373365720ae7bdc907e640d_Zone7_Img_Comb_1,0.029999999329447746
24ec60a9ea553984849b791abd141986_Zone16_Img_Comb_1,0.029999999329447746
24ec60a9ea553984849b791abd141986_Zone8_Img_Comb_1,0.029999999329447746
255061b8296ef90d2a885e55cbf63c7a_Zone9_Img_Comb_1,0.029999999329447746
256c90cabcc0d341326430f3e78abcff_Zone2_Img_Comb_1,0.029999999329447746
25ebd1168a425e78a727983e63171b76_Zone2_Img_Comb_1,0.029999999329447746
26585aa9e5587e0975292c500f63b2df_Zone11_Img_Comb_1,0.029999999329447746
26b9303a58996e740e54f67f3ec91fdd_Zone3_Img_Comb_1,0.029999999329447746
27f414ee2e4101d5b5843ad208dcff47_Zone10_Img_Comb_1,0.029999999329447746
27f74a39f143310891c9d014382e02c4_Zone12_Img_Comb_1,0.029999999329447746
281de4301c55e07dc7e2428a9b25ad11_Zone4_Img_Comb_1,0.029999999329447746
2872652fb050107f03868be2e3db645b_Zone15_Img_Comb_1,0.029999999329447746
288e7f2df786c177ef34c92770cb7940_Zone13_Img_Comb_1,0.029999999329447746
2900769185415b5667cb0fc2a28e0e86_Zone17_Img_Comb_1,0.029999999329447746
29347e411bf028cb0dc54268bd1482df_Zone11_Img_Comb_1,0.029999999329447746
296915b4ab06ae914c1f853cc0b15761_Zone13_Img_Comb_1,0.029999999329447746
29b2f320f282101f0e1b7611d0269e56_Zone2_Img_Comb_1,0.029999999329447746
2a1a3dd5e6cd896e85ba8eec69f2744b_Zone2_Img_Comb_1,0.029999999329447746
2adbc01f4fb001d190cb220079444d74_Zone4_Img_Comb_1,0.029999999329447746
2b19f9c03a3a690ace57d7ef2d1de91c_Zone12_Img_Comb_1,0.029999999329447746
2b19f9c03a3a690ace57d7ef2d1de91c_Zone3_Img_Comb_1,0.029999999329447746
2d169e0e2b9822776ec5577c2fe8283e_Zone17_Img_Comb_1,0.029999999329447746
2d90d211af56b5ebf7e5b435cb1c24ec_Zone12_Img_Comb_1,0.029999999329447746
2e5d65a90889911779e6badd3239603a_Zone16_Img_Comb_1,0.029999999329447746
2e5d65a90889911779e6badd3239603a_Zone17_Img_Comb_1,0.029999999329447746
2eba5056e90c67e49c05991580cc7a4e_Zone13_Img_Comb_1,0.029999999329447746
2f2104901d6944e40045ad4a02cc2632_Zone13_Img_Comb_1,0.029999999329447746
2fc4b9b35bf2e764c9ce32c66646fa04_Zone8_Img_Comb_1,0.029999999329447746
2fe50818cf314d93b93043f492bd13ce_Zone13_Img_Comb_1,0.029999999329447746
2fe50818cf314d93b93043f492bd13ce_Zone16_Img_Comb_1,0.029999999329447746
31607601930f54ef5d7dcc4dd11ee822_Zone17_Img_Comb_1,0.029999999329447746
3212b4505e737ddd7e208d1869d3aa22_Zone6_Img_Comb_1,0.029999999329447746
340e903fdb6b4d63202fd141638f244d_Zone2_Img_Comb_1,0.029999999329447746
346fc1c788ad7fb4da5a11f3bfb07d28_Zone11_Img_Comb_1,0.029999999329447746
367beabd0587a210cd28655b2298823e_Zone14_Img_Comb_1,0.029999999329447746
36c29b20a3e1ca94e4e15b63b8babe00_Zone15_Img_Comb_1,0.029999999329447746
3775a16c58aed83497088371766a8fb4_Zone16_Img_Comb_1,0.029999999329447746
3775a16c58aed83497088371766a8fb4_Zone2_Img_Comb_1,0.029999999329447746
37b442f983a770bad2d88e0cc8e4cfe1_Zone13_Img_Comb_1,0.029999999329447746
37b442f983a770bad2d88e0cc8e4cfe1_Zone2_Img_Comb_1,0.029999999329447746
383c188c66d24b641083e69a7e94941d_Zone10_Img_Comb_1,0.029999999329447746
3921e192b260902666bb7dde3b550f0d_Zone13_Img_Comb_1,0.029999999329447746
3a8696b99b2d1b28be62389d48d697be_Zone5_Img_Comb_1,0.029999999329447746
3a91793165eba55b979b47b47ce514e8_Zone6_Img_Comb_1,0.029999999329447746
3c0668db35915783be0af87b9fa53317_Zone15_Img_Comb_1,0.029999999329447746
3c0668db35915783be0af87b9fa53317_Zone9_Img_Comb_1,0.029999999329447746
3cc3464e8cb309a47b799aa510b3fa3f_Zone13_Img_Comb_1,0.029999999329447746
3dad30a81624c6e2fb064560acddf49d_Zone7_Img_Comb_1,0.029999999329447746
3dd66b02f0817f039dd0619aa1a7ef13_Zone4_Img_Comb_1,0.029999999329447746
3e4b3d6627946e46ed0c2f5be6dd2183_Zone1_Img_Comb_1,0.029999999329447746
3e5e4ede1b6a4ec767480b261336b1b5_Zone16_Img_Comb_1,0.029999999329447746
3ea9575fe8926bbb01e02b77c0802668_Zone15_Img_Comb_1,0.029999999329447746
402bcaa39d6e36a90bf314207b110fa7_Zone1_Img_Comb_1,0.029999999329447746
412d88bd9a4612b71759fa802a27f19e_Zone14_Img_Comb_1,0.029999999329447746
412d88bd9a4612b71759fa802a27f19e_Zone15_Img_Comb_1,0.029999999329447746
413c6337a5b11c91f24c648c165b3f1a_Zone1_Img_Comb_1,0.029999999329447746
413c6337a5b11c91f24c648c165b3f1a_Zone8_Img_Comb_1,0.029999999329447746
416a6888eb7ad8c4416fe0b620435136_Zone4_Img_Comb_1,0.029999999329447746
41ed36bdc93a2ff5519c76f263ab1a88_Zone17_Img_Comb_1,0.029999999329447746
42181583618ce4bbfbc0c4c300108bf5_Zone5_Img_Comb_1,0.029999999329447746
4275a47cbd350f67c9691d7b52313ac1_Zone2_Img_Comb_1,0.029999999329447746
435cc314ea7e77733c95bcf05d252259_Zone11_Img_Comb_1,0.029999999329447746
4374545e0e29d0c17cacb7d4453498b0_Zone7_Img_Comb_1,0.029999999329447746
43a60ca08049962b96f62ea5658e0d63_Zone4_Img_Comb_1,0.029999999329447746
43d1a815858d7584eb6e0e84f8a1bf8b_Zone5_Img_Comb_1,0.029999999329447746
44ac0d2d076928590d80acfda3871de8_Zone15_Img_Comb_1,0.029999999329447746
44ac0d2d076928590d80acfda3871de8_Zone16_Img_Comb_1,0.029999999329447746
44ac0d2d076928590d80acfda3871de8_Zone4_Img_Comb_1,0.029999999329447746
44d0e116c3fd7fc8b023876e8ad60ea6_Zone5_Img_Comb_1,0.029999999329447746
45073233709552ca8bc433e39b469b69_Zone10_Img_Comb_1,0.029999999329447746
452d00e6fb36895567f246b9df3bd947_Zone16_Img_Comb_1,0.029999999329447746
453a48a20387cc1a0e19b6147a48ff69_Zone17_Img_Comb_1,0.029999999329447746
45ac0b88f67663a1d30dcfc8366fac31_Zone16_Img_Comb_1,0.029999999329447746
467cfa7996fcdb7e4f5c4d64c2a01de2_Zone16_Img_Comb_1,0.029999999329447746
46b504b2e0160fa8332cffe1e8bfcaf7_Zone13_Img_Comb_1,0.029999999329447746
46b504b2e0160fa8332cffe1e8bfcaf7_Zone3_Img_Comb_1,0.029999999329447746
4710b3962e50f2b546b2bd67f2c142fb_Zone12_Img_Comb_1,0.029999999329447746
471829836c7df1fa0c63721d09ea6db9_Zone8_Img_Comb_1,0.029999999329447746
48309fc9d12a28f0ba94b8c6d81bc3c0_Zone3_Img_Comb_1,0.029999999329447746
4847f9b1ba37f9970d647f419b43f768_Zone16_Img_Comb_1,0.029999999329447746
4869f57f719b26a01dc7d196abe4f73d_Zone13_Img_Comb_1,0.029999999329447746
4869f57f719b26a01dc7d196abe4f73d_Zone6_Img_Comb_1,0.029999999329447746
4881eeb549b78b3fe90f9cdde9a5f649_Zone7_Img_Comb_1,0.029999999329447746
490965e452b56fdfa3d406939b07c690_Zone6_Img_Comb_1,0.029999999329447746
4967db4034491b1f8f06e726781c7d1c_Zone12_Img_Comb_1,0.029999999329447746
4967db4034491b1f8f06e726781c7d1c_Zone8_Img_Comb_1,0.029999999329447746
496ec724cc1f2886aac5840cf890988a_Zone11_Img_Comb_1,0.029999999329447746
499aa07eb418b3d46209d5f937d45d67_Zone15_Img_Comb_1,0.029999999329447746
4b19940919dffa8c6611451e650e7c11_Zone8_Img_Comb_1,0.029999999329447746
4c2643b020ee1da6b95302657c243f87_Zone13_Img_Comb_1,0.029999999329447746
4c2643b020ee1da6b95302657c243f87_Zone3_Img_Comb_1,0.029999999329447746
4c32e1b460937a1ce348abe54e23cca5_Zone13_Img_Comb_1,0.029999999329447746
4c62a5d32ab40d1d55499dfd0dfc1e7a_Zone8_Img_Comb_1,0.029999999329447746
4d254b5690277f9446c82a81bb7ac56e_Zone6_Img_Comb_1,0.029999999329447746
4dae6bfab32960188953ebb4eb0b1441_Zone6_Img_Comb_1,0.029999999329447746
4e952b0ef289e292f3fbf82b88538d49_Zone12_Img_Comb_1,0.029999999329447746
4e952b0ef289e292f3fbf82b88538d49_Zone4_Img_Comb_1,0.029999999329447746
4f4de7a837b9a6122571aa09cc6cda66_Zone17_Img_Comb_1,0.029999999329447746
4f64179732ea872aec9e6e6614ac01da_Zone14_Img_Comb_1,0.029999999329447746
5172613dac71e98e249d995f2078c5df_Zone3_Img_Comb_1,0.029999999329447746
528cc95cb6b556b301ff26a4343e71ef_Zone17_Img_Comb_1,0.029999999329447746
528cc95cb6b556b301ff26a4343e71ef_Zone9_Img_Comb_1,0.029999999329447746
52c8235df3f0552e6c134529ca85d958_Zone15_Img_Comb_1,0.029999999329447746
52c8235df3f0552e6c134529ca85d958_Zone9_Img_Comb_1,0.029999999329447746
5395f4275f65bfd9bd14d93e3a776923_Zone7_Img_Comb_1,0.029999999329447746
53a3d27e5d3f7d1e966b88ee5b58b75c_Zone12_Img_Comb_1,0.029999999329447746
53f167191f3ad1500589f4bce46b57fa_Zone9_Img_Comb_1,0.029999999329447746
569108f79d15260eafcc44dabfcc9525_Zone16_Img_Comb_1,0.029999999329447746
56c75c657eb93827a955499f91929407_Zone4_Img_Comb_1,0.029999999329447746
56e941a33fe6ad11e9e2f44149acfc79_Zone10_Img_Comb_1,0.029999999329447746
57bb874dd7a2fd4ba0f5f712285e3125_Zone10_Img_Comb_1,0.029999999329447746
57bb874dd7a2fd4ba0f5f712285e3125_Zone7_Img_Comb_1,0.029999999329447746
57dca9708440a62fc8c68883ca2616b9_Zone10_Img_Comb_1,0.029999999329447746
58fddc257070d9214a0e2553c6208fce_Zone10_Img_Comb_1,0.029999999329447746
59081d7fe1e53727936bb79c28fdc514_Zone3_Img_Comb_1,0.029999999329447746
595023589b6e637b55991878ac62a1f8_Zone17_Img_Comb_1,0.029999999329447746
59cecc7efbbba3a9ff8665f803d10be0_Zone8_Img_Comb_1,0.029999999329447746
5a240cb48f3ca657321efce2975051ef_Zone1_Img_Comb_1,0.029999999329447746
5b1477062dee44f3d2c6452d3b721a4e_Zone9_Img_Comb_1,0.029999999329447746
5b324aca7de42d0d435c0d7d73225782_Zone1_Img_Comb_1,0.029999999329447746
5bb927814035ad7e26ced94126fbd4fe_Zone6_Img_Comb_1,0.029999999329447746
5bbd2431b8f3cf5eece01792ada79ec6_Zone2_Img_Comb_1,0.029999999329447746
5cbbcb73ae6e7fa727d41b2787d91d6a_Zone16_Img_Comb_1,0.029999999329447746
5cd556902ceffbd521870f23d04610fb_Zone16_Img_Comb_1,0.029999999329447746
5d4e4482ade1a29b502a3ad9f3a61cfc_Zone14_Img_Comb_1,0.029999999329447746
5d6df35e4587f744cb39062fb56665ba_Zone11_Img_Comb_1,0.029999999329447746
5db153532b62bba69d8076aad7119e57_Zone12_Img_Comb_1,0.029999999329447746
5db153532b62bba69d8076aad7119e57_Zone7_Img_Comb_1,0.029999999329447746
5e20b35d769f8f6b8cb8595ed682bc45_Zone13_Img_Comb_1,0.029999999329447746
5e20b35d769f8f6b8cb8595ed682bc45_Zone7_Img_Comb_1,0.029999999329447746
5e216f9fd8ea1ad7c07783d9971fed35_Zone12_Img_Comb_1,0.029999999329447746
5e216f9fd8ea1ad7c07783d9971fed35_Zone16_Img_Comb_1,0.029999999329447746
5e327948c6493f2c4c8e5d1c6002fac4_Zone15_Img_Comb_1,0.029999999329447746
6001ab14aa6ea1428cb3c67b64ba5711_Zone6_Img_Comb_1,0.029999999329447746
60b336c575c5f34d6f7ca074e799cc7d_Zone2_Img_Comb_1,0.029999999329447746
613c4740f8c1157cbe33dcc5459ff230_Zone15_Img_Comb_1,0.029999999329447746
6169b4632782ed2700716df0be91a860_Zone14_Img_Comb_1,0.029999999329447746
623c761b4db398ea2157e6c5cd6c8c58_Zone3_Img_Comb_1,0.029999999329447746
627be9191d9dac23a05ba3d9776a03c2_Zone4_Img_Comb_1,0.029999999329447746
628cfb55389acec85fffdfc520f3684b_Zone3_Img_Comb_1,0.029999999329447746
630db444dfa39d87671dce7e4163a009_Zone9_Img_Comb_1,0.029999999329447746
63781f8e65112e3f7bdc54394abc2310_Zone2_Img_Comb_1,0.029999999329447746
6499c1b7896abcc72bb887a7ae717ba1_Zone11_Img_Comb_1,0.029999999329447746
64d4574fec02cfc92b9bf97d4eb1aa25_Zone2_Img_Comb_1,0.029999999329447746
64d4574fec02cfc92b9bf97d4eb1aa25_Zone8_Img_Comb_1,0.029999999329447746
6574d7241cad5f378da7dce9dfec4cd0_Zone9_Img_Comb_1,0.029999999329447746
65881d8a53837de62f500ceba2d09623_Zone10_Img_Comb_1,0.029999999329447746
65881d8a53837de62f500ceba2d09623_Zone11_Img_Comb_1,0.029999999329447746
65881d8a53837de62f500ceba2d09623_Zone3_Img_Comb_1,0.029999999329447746
65c89a7cccabe529cc81e0ab9ddea2ce_Zone4_Img_Comb_1,0.029999999329447746
674a33b5051197c820f44d9b7e441dd7_Zone1_Img_Comb_1,0.029999999329447746
67ba8c23c39914436baf3144e47a9a66_Zone2_Img_Comb_1,0.029999999329447746
683a57ebe422fa68ab0065cfd020baa3_Zone11_Img_Comb_1,0.029999999329447746
68a9d05069d341a2b3da603a14c226a1_Zone11_Img_Comb_1,0.029999999329447746
68f1fbc65b8a12bcae61b077c67dff40_Zone6_Img_Comb_1,0.029999999329447746
6978eddfc19dde3a23059223b5ed3de8_Zone11_Img_Comb_1,0.029999999329447746
69827aa4c8beb31f0ca90c207d719085_Zone9_Img_Comb_1,0.029999999329447746
69cf1f6d3c1d52804542acea9f22a6b2_Zone8_Img_Comb_1,0.029999999329447746
69cf1f6d3c1d52804542acea9f22a6b2_Zone9_Img_Comb_1,0.029999999329447746
6bfefb348d746eca288c6d62f6ebec04_Zone16_Img_Comb_1,0.029999999329447746
6bfefb348d746eca288c6d62f6ebec04_Zone6_Img_Comb_1,0.029999999329447746
6d0e25601dc8d96e71c7323d1dec6903_Zone14_Img_Comb_1,0.029999999329447746
6d0e5b67cbfdb7be9fb6cb7cfbb2a061_Zone12_Img_Comb_1,0.029999999329447746
6d0e5b67cbfdb7be9fb6cb7cfbb2a061_Zone9_Img_Comb_1,0.029999999329447746
6d443d9a079ece12fe543c5664cc0f24_Zone10_Img_Comb_1,0.029999999329447746
6dc8a56fd5c5a503b8afe7aec63461b5_Zone14_Img_Comb_1,0.029999999329447746
6dc8a56fd5c5a503b8afe7aec63461b5_Zone7_Img_Comb_1,0.029999999329447746
6e5b2c089b7494dad05014132b1a38a0_Zone11_Img_Comb_1,0.029999999329447746
6e7edcd20a547e45988c30f8fb2a16f3_Zone7_Img_Comb_1,0.029999999329447746
6e9654dc8cba519734de9cfaf5474320_Zone10_Img_Comb_1,0.029999999329447746
6f02497b7c4e1a5498cf886e15a9b254_Zone16_Img_Comb_1,0.029999999329447746
6ff4d9c3196536a0c4935afd4535bd1e_Zone7_Img_Comb_1,0.029999999329447746
71e4417b386a04fdecef5f2888ef5805_Zone16_Img_Comb_1,0.029999999329447746
73135e2ad319f4f2cfe8d60bc6360759_Zone13_Img_Comb_1,0.029999999329447746
73f7e4b2b224c082677df794ccd3d627_Zone1_Img_Comb_1,0.029999999329447746
742084dcbc9f5d7dd863fb37a4be057a_Zone1_Img_Comb_1,0.029999999329447746
742c1108ff62fac7b656c25e10ff2e32_Zone13_Img_Comb_1,0.029999999329447746
742c1108ff62fac7b656c25e10ff2e32_Zone15_Img_Comb_1,0.029999999329447746
742c1108ff62fac7b656c25e10ff2e32_Zone7_Img_Comb_1,0.029999999329447746
751eeccb4219a04b7f3c6be293003054_Zone13_Img_Comb_1,0.029999999329447746
76470a7016acb4c811279f5f1134cf45_Zone17_Img_Comb_1,0.029999999329447746
76ce1149faeced69afa3dc256869d0d8_Zone17_Img_Comb_1,0.029999999329447746
76ce1149faeced69afa3dc256869d0d8_Zone6_Img_Comb_1,0.029999999329447746
775eaedd50c877e432de72a07c83ea79_Zone8_Img_Comb_1,0.029999999329447746
7828d838474e3b54306a164d1ba6419d_Zone7_Img_Comb_1,0.029999999329447746
7937949be388818d91766d2566f0e8cf_Zone13_Img_Comb_1,0.029999999329447746
7a774f545d50e21c11458d4f9adf564f_Zone3_Img_Comb_1,0.029999999329447746
7b47e17a89dc465f3882aa2a14299bf5_Zone2_Img_Comb_1,0.029999999329447746
7b47e17a89dc465f3882aa2a14299bf5_Zone7_Img_Comb_1,0.029999999329447746
7b698050fe145ce976a67d04058212d3_Zone5_Img_Comb_1,0.029999999329447746
7bbcd6e1ed39753fe36adab9599be637_Zone12_Img_Comb_1,0.029999999329447746
7be32cef8b55d2cfa63f76fb65b96032_Zone2_Img_Comb_1,0.029999999329447746
7be32cef8b55d2cfa63f76fb65b96032_Zone3_Img_Comb_1,0.029999999329447746
7ceae9953c62b3337c12712ac53917b7_Zone3_Img_Comb_1,0.029999999329447746
7d430359b167f0aec96ad26aa8f59c4d_Zone17_Img_Comb_1,0.029999999329447746
7e3b20fbc661625fa1c6a3c76975df51_Zone8_Img_Comb_1,0.029999999329447746
7e9a86c3a8979ef95ccce2073552cad6_Zone8_Img_Comb_1,0.029999999329447746
7fdc546be05740661fb1140c615ed179_Zone1_Img_Comb_1,0.029999999329447746
7fdc546be05740661fb1140c615ed179_Zone5_Img_Comb_1,0.029999999329447746
8085d6bf5256a67fd53b545dbb53caf4_Zone9_Img_Comb_1,0.029999999329447746
812879b6745485c17dc9f1f98d290fa6_Zone11_Img_Comb_1,0.029999999329447746
812879b6745485c17dc9f1f98d290fa6_Zone7_Img_Comb_1,0.029999999329447746
822f26a77eaca1f06fcda124a494710e_Zone6_Img_Comb_1,0.029999999329447746
82c88e8b9f2c84cbfb9c9ab0392e166d_Zone1_Img_Comb_1,0.029999999329447746
82c88e8b9f2c84cbfb9c9ab0392e166d_Zone8_Img_Comb_1,0.029999999329447746
82d9c305d2a2895c900f912f661a7464_Zone16_Img_Comb_1,0.029999999329447746
831600b1b6984119fc87529bf4b61ade_Zone9_Img_Comb_1,0.029999999329447746
8411eea809837acfdf4bb282d0e5db68_Zone2_Img_Comb_1,0.029999999329447746
84500d50c50b18be85decfe6751017c7_Zone14_Img_Comb_1,0.029999999329447746
84bd8ac1e60b5fe6b5069dba094b75e1_Zone10_Img_Comb_1,0.029999999329447746
84bd8ac1e60b5fe6b5069dba094b75e1_Zone16_Img_Comb_1,0.029999999329447746
84fa7e2bab404de5e5d513fda76cdf85_Zone1_Img_Comb_1,0.029999999329447746
84fa7e2bab404de5e5d513fda76cdf85_Zone6_Img_Comb_1,0.029999999329447746
852259eba484999d36d69a3448e57684_Zone15_Img_Comb_1,0.029999999329447746
858e731e41bb5cc224b26326376c86f1_Zone14_Img_Comb_1,0.029999999329447746
859e72ae9a5ca6c3d097a5eedf66b819_Zone14_Img_Comb_1,0.029999999329447746
86753997b29547ca352db8a3c35b0749_Zone2_Img_Comb_1,0.029999999329447746
8694613a993813b497573680e7a2ef04_Zone4_Img_Comb_1,0.029999999329447746
87d5cdc85a4a22b73584c91049dae5f1_Zone14_Img_Comb_1,0.029999999329447746
887b5406149d616263a90a0f56300a3d_Zone6_Img_Comb_1,0.029999999329447746
88f487f833ed1ee33af1f99d7135ef97_Zone2_Img_Comb_1,0.029999999329447746
894b9372ccbb4cfa6e82584630014df0_Zone15_Img_Comb_1,0.029999999329447746
894b9372ccbb4cfa6e82584630014df0_Zone6_Img_Comb_1,0.029999999329447746
8a287749ed34fd0d2ba168e8643cdd73_Zone2_Img_Comb_1,0.029999999329447746
8b302b032be68618c85d4fffd32aae2b_Zone17_Img_Comb_1,0.029999999329447746
8b78b25eecb0fc406d440de8efc0ff2c_Zone10_Img_Comb_1,0.029999999329447746
8c38ef220fe105d52790b5a8a06d2366_Zone3_Img_Comb_1,0.029999999329447746
8c38ef220fe105d52790b5a8a06d2366_Zone4_Img_Comb_1,0.029999999329447746
8c38ef220fe105d52790b5a8a06d2366_Zone6_Img_Comb_1,0.029999999329447746
8c708d9a75d172a718960558f643bf80_Zone3_Img_Comb_1,0.029999999329447746
8c708d9a75d172a718960558f643bf80_Zone8_Img_Comb_1,0.029999999329447746
8c70cc871902ae955d740cf1b7afc3e8_Zone12_Img_Comb_1,0.029999999329447746
8c9996e3af3394e87179bf2b29e2400a_Zone9_Img_Comb_1,0.029999999329447746
8e207447210b0e85cf086ed5963dfdce_Zone11_Img_Comb_1,0.029999999329447746
8e207447210b0e85cf086ed5963dfdce_Zone13_Img_Comb_1,0.029999999329447746
8ed75b644170d00153d4883854c559af_Zone10_Img_Comb_1,0.029999999329447746
8ff23c0d13a4bc785fab433979b8621a_Zone11_Img_Comb_1,0.029999999329447746
8ff23c0d13a4bc785fab433979b8621a_Zone5_Img_Comb_1,0.029999999329447746
904c11610724504ea061e04c1938fc00_Zone10_Img_Comb_1,0.029999999329447746
90860cf17179d6b8c66d0709806155fd_Zone13_Img_Comb_1,0.029999999329447746
90860cf17179d6b8c66d0709806155fd_Zone3_Img_Comb_1,0.029999999329447746
91116a57f912f23c9213f29ce7a4bcd2_Zone1_Img_Comb_1,0.029999999329447746
911a3a2cf024cd351853164279fc71a5_Zone9_Img_Comb_1,0.029999999329447746
926907d6e0ae493fc05c1ec208a063c6_Zone3_Img_Comb_1,0.029999999329447746
929f132e5175bf5f72ab51a2f0fb60d9_Zone8_Img_Comb_1,0.029999999329447746
92e5a0880b1ebc673f99ba08b24a0a3b_Zone10_Img_Comb_1,0.029999999329447746
92e5a0880b1ebc673f99ba08b24a0a3b_Zone5_Img_Comb_1,0.029999999329447746
930ff2dc6bb915b186c38a453a16fc57_Zone15_Img_Comb_1,0.029999999329447746
9328978aa4a4e8ef65d1fbe6fa87b5c4_Zone16_Img_Comb_1,0.029999999329447746
9611ae7d87e1475d7b150c2c9a520e9b_Zone17_Img_Comb_1,0.029999999329447746
9657d70069ba334ec5e7dad5aa189aea_Zone6_Img_Comb_1,0.029999999329447746
9657d70069ba334ec5e7dad5aa189aea_Zone7_Img_Comb_1,0.029999999329447746
96dce5ceb9bcd90da1b17946b50eda75_Zone6_Img_Comb_1,0.029999999329447746
97270a5a600de3eb971f2d6410f1bd3b_Zone13_Img_Comb_1,0.029999999329447746
97270a5a600de3eb971f2d6410f1bd3b_Zone1_Img_Comb_1,0.029999999329447746
97270a5a600de3eb971f2d6410f1bd3b_Zone2_Img_Comb_1,0.029999999329447746
99fa06775e6bd29d8a3738ce157209ab_Zone1_Img_Comb_1,0.029999999329447746
9abe3c08d8249be9bf2c6e5d43e3444c_Zone11_Img_Comb_1,0.029999999329447746
9bc461390c9bad0851f8caf73ca46be4_Zone13_Img_Comb_1,0.029999999329447746
9cbd6ebc18cd3f20d8faa2db8f5ecd9e_Zone1_Img_Comb_1,0.029999999329447746
9ce660b2af985ce5fbda9283dc90e2f9_Zone1_Img_Comb_1,0.029999999329447746
9d1def1a8d97c7a93e01679356ad7f9a_Zone12_Img_Comb_1,0.029999999329447746
9d8507560dbc170b51733accea6a1922_Zone12_Img_Comb_1,0.029999999329447746
9dd22f1205f3e360807ca157c4887306_Zone1_Img_Comb_1,0.029999999329447746
9e0361fb3db6c25a0fb2e2059cdf9b19_Zone10_Img_Comb_1,0.029999999329447746
9e0361fb3db6c25a0fb2e2059cdf9b19_Zone11_Img_Comb_1,0.029999999329447746
9e067ae96bb10fb62a3b4e7adf4d58ca_Zone9_Img_Comb_1,0.029999999329447746
9efec10f8d255a660446635892cd9f95_Zone12_Img_Comb_1,0.029999999329447746
9efec10f8d255a660446635892cd9f95_Zone6_Img_Comb_1,0.029999999329447746
9f36bc9e70cf1539e67e3abc12ca1c32_Zone11_Img_Comb_1,0.029999999329447746
9f717429913442544a86c864d5f3f7bd_Zone7_Img_Comb_1,0.029999999329447746
9fd4fd44b2d5fd717db174afb56cde9e_Zone12_Img_Comb_1,0.029999999329447746
9fd4fd44b2d5fd717db174afb56cde9e_Zone3_Img_Comb_1,0.029999999329447746
a05c976712f3d232e7a51f26f98cd2e6_Zone15_Img_Comb_1,0.029999999329447746
a0647cef1d17604a89502f6bd0e0b405_Zone12_Img_Comb_1,0.029999999329447746
a1fbdec9753f843fb8e0c4296984ca79_Zone11_Img_Comb_1,0.029999999329447746
a1fbdec9753f843fb8e0c4296984ca79_Zone1_Img_Comb_1,0.029999999329447746
a27f030d3ac41d4ef451b810eb856204_Zone9_Img_Comb_1,0.029999999329447746
a27fac362e5cad47ed4aae5a93e05e48_Zone17_Img_Comb_1,0.029999999329447746
a28ce29c9189adb38ad0a9550fa9b058_Zone1_Img_Comb_1,0.029999999329447746
a352a596709b0290d93a3885d2eba3e3_Zone10_Img_Comb_1,0.029999999329447746
a352a596709b0290d93a3885d2eba3e3_Zone16_Img_Comb_1,0.029999999329447746
a3a8821d8046c9c267b74b6b0b419cf3_Zone3_Img_Comb_1,0.029999999329447746
a55812731019d590976a31f6c68e808a_Zone14_Img_Comb_1,0.029999999329447746
a5612a558c0564e4d5415b24d08f032c_Zone4_Img_Comb_1,0.029999999329447746
a77ec7472e5712701f042a10bbef4ce4_Zone10_Img_Comb_1,0.029999999329447746
a77ec7472e5712701f042a10bbef4ce4_Zone11_Img_Comb_1,0.029999999329447746
a7966057a6b679ffc404cbc1e87768c6_Zone4_Img_Comb_1,0.029999999329447746
a8744e1cc5a5e5d8a592f116ac2f5cee_Zone6_Img_Comb_1,0.029999999329447746
a8fd522b1edc199f8b3ed7db53f79a1b_Zone7_Img_Comb_1,0.029999999329447746
a9a59567f9503278e33fd77bd140e2c8_Zone12_Img_Comb_1,0.029999999329447746
aa06c0480348a145cbd15233b623b1a8_Zone3_Img_Comb_1,0.029999999329447746
ab1ee7d04a56d64df7529ca481c3473b_Zone1_Img_Comb_1,0.029999999329447746
acd4b93d654f43b85d476c58ccfb8cf2_Zone14_Img_Comb_1,0.029999999329447746
adabe77c4e98d47595fcae9e0b8a6d78_Zone6_Img_Comb_1,0.029999999329447746
ae83b78e169115d03dde161acfe4fd3a_Zone14_Img_Comb_1,0.029999999329447746
aec4d241a434f3d957c3fc7473db3135_Zone2_Img_Comb_1,0.029999999329447746
af9c6a2eef8d8e112f368ce198e72885_Zone11_Img_Comb_1,0.029999999329447746
af9c6a2eef8d8e112f368ce198e72885_Zone15_Img_Comb_1,0.029999999329447746
af9c6a2eef8d8e112f368ce198e72885_Zone7_Img_Comb_1,0.029999999329447746
b02f6791d2b027a042de141562fc345a_Zone2_Img_Comb_1,0.029999999329447746
b07aab4469700f4937e71e617637e0b9_Zone15_Img_Comb_1,0.029999999329447746
b130ae39a79d539b350b0a68c9a9d28d_Zone15_Img_Comb_1,0.029999999329447746
b20748705117326da377c65eb42cf7fc_Zone16_Img_Comb_1,0.029999999329447746
b20748705117326da377c65eb42cf7fc_Zone8_Img_Comb_1,0.029999999329447746
b220ad927a2a32a1e5bd329c4960a443_Zone5_Img_Comb_1,0.029999999329447746
b289358892bdd28e771956886a2654dc_Zone1_Img_Comb_1,0.029999999329447746
b414f08238785469af4ae86d24bdc75a_Zone14_Img_Comb_1,0.029999999329447746
b41ded8fb8ebac447cbe0c50574fc9ed_Zone8_Img_Comb_1,0.029999999329447746
b41ded8fb8ebac447cbe0c50574fc9ed_Zone9_Img_Comb_1,0.029999999329447746
b433a0a67ad4efa50d5f65c5d8eb69e3_Zone10_Img_Comb_1,0.029999999329447746
b433a0a67ad4efa50d5f65c5d8eb69e3_Zone2_Img_Comb_1,0.029999999329447746
b4db695df0459cc53b74887e11da9fd8_Zone1_Img_Comb_1,0.029999999329447746
b4f8cdab7e00e33e5cfd233bc3965129_Zone17_Img_Comb_1,0.029999999329447746
b5ba0c5a7e2e03c8e1a56e1dab8d4d87_Zone9_Img_Comb_1,0.029999999329447746
b5e939544ba62b3fa247469a122067fe_Zone11_Img_Comb_1,0.029999999329447746
b5e939544ba62b3fa247469a122067fe_Zone16_Img_Comb_1,0.029999999329447746
b6c2b509637bd5d1cf58bc0387265967_Zone14_Img_Comb_1,0.029999999329447746
b6c2b509637bd5d1cf58bc0387265967_Zone2_Img_Comb_1,0.029999999329447746
b70f0a0afd3a3b7525bc694748a51b3c_Zone12_Img_Comb_1,0.029999999329447746
b70f0a0afd3a3b7525bc694748a51b3c_Zone15_Img_Comb_1,0.029999999329447746
b77b5c4337e422dcbc29be19d2c1d355_Zone1_Img_Comb_1,0.029999999329447746
b7eb90b7502b65755b0b063f94c8b428_Zone16_Img_Comb_1,0.029999999329447746
b8c2ba8e0d4817153827fe65c426445e_Zone12_Img_Comb_1,0.029999999329447746
b93f543e66317a22645be549dc1c008a_Zone12_Img_Comb_1,0.029999999329447746
ba5071183319f820d0ef5d30136ee462_Zone3_Img_Comb_1,0.029999999329447746
ba9dadfc746b15025bf962aa860c143f_Zone1_Img_Comb_1,0.029999999329447746
ba9dadfc746b15025bf962aa860c143f_Zone8_Img_Comb_1,0.029999999329447746
bb23cdf2ac3a47d7ab30aa2a43107f33_Zone15_Img_Comb_1,0.029999999329447746
bbaa524e135a6810b529354905d260ea_Zone15_Img_Comb_1,0.029999999329447746
bbb8b7eeb698bae290be7a3c0fc2f400_Zone15_Img_Comb_1,0.029999999329447746
bdfca9b1499c57651bd19b62ebb265f2_Zone14_Img_Comb_1,0.029999999329447746
be23d382dd434d27fff07915a8714705_Zone11_Img_Comb_1,0.029999999329447746
bf7ad342bee96da373d0108224481323_Zone13_Img_Comb_1,0.029999999329447746
bfa3b206912ed4a354889b53b790dcc6_Zone8_Img_Comb_1,0.029999999329447746
bfda2d47e8a9fc79cedc4013cc84699e_Zone14_Img_Comb_1,0.029999999329447746
c08b74aaf6dd76eaab4bb4f875f657e5_Zone15_Img_Comb_1,0.029999999329447746
c09b39c760062ca51a63322ca317eeb7_Zone12_Img_Comb_1,0.029999999329447746
c0c125567e995e4a08a13a0574b61a8c_Zone7_Img_Comb_1,0.029999999329447746
c0f6486e16a1cf9136cf46ed0600b14c_Zone3_Img_Comb_1,0.029999999329447746
c139eec534f09d1667c0cd77d05e6495_Zone6_Img_Comb_1,0.029999999329447746
c3d54c36c58191f926b41744883cc050_Zone5_Img_Comb_1,0.029999999329447746
c44618f0002a92c718fca2586250af52_Zone11_Img_Comb_1,0.029999999329447746
c45c5ab8790cd62ab4c2e9e988076c9e_Zone5_Img_Comb_1,0.029999999329447746
c4d3b99399c296959a73162a6b28be24_Zone15_Img_Comb_1,0.029999999329447746
c529d5aa421a166b4e4051bba581a7a3_Zone3_Img_Comb_1,0.029999999329447746
c53ef4c75b858f9ac2c9f8ae8f250a5b_Zone11_Img_Comb_1,0.029999999329447746
c53ef4c75b858f9ac2c9f8ae8f250a5b_Zone5_Img_Comb_1,0.029999999329447746
c596c7d1c0cd5da0b35c9275ed9c1a58_Zone6_Img_Comb_1,0.029999999329447746
c5fbd6ce1f6b25fc39e67ad66b215ab1_Zone8_Img_Comb_1,0.029999999329447746
c684f056e0b991d23b27cb42e1005c29_Zone16_Img_Comb_1,0.029999999329447746
c6949c3511a554f7ace757832886d0b4_Zone2_Img_Comb_1,0.029999999329447746
c6949c3511a554f7ace757832886d0b4_Zone9_Img_Comb_1,0.029999999329447746
c893b3c645841e008cccb20c3b6c75df_Zone2_Img_Comb_1,0.029999999329447746
c8fe5162c81b7bc66e802d9ff0bba914_Zone8_Img_Comb_1,0.029999999329447746
ca288818702681705703b3f23db7adc1_Zone11_Img_Comb_1,0.029999999329447746
ca5d6ba9ebe117838c57f6166186fd93_Zone10_Img_Comb_1,0.029999999329447746
cbc5410d54d2ff5f3b3b818c9589e53c_Zone17_Img_Comb_1,0.029999999329447746
cbc6f0a3be3d802fc3d2bd45c183a49d_Zone13_Img_Comb_1,0.029999999329447746
cbc6f0a3be3d802fc3d2bd45c183a49d_Zone4_Img_Comb_1,0.029999999329447746
cbc6f0a3be3d802fc3d2bd45c183a49d_Zone7_Img_Comb_1,0.029999999329447746
ccbe487e56d6172e1ac7af3d42ed2324_Zone8_Img_Comb_1,0.029999999329447746
cce55cf0574448bbd16697167f212845_Zone2_Img_Comb_1,0.029999999329447746
cce55cf0574448bbd16697167f212845_Zone5_Img_Comb_1,0.029999999329447746
cd9397bc7f83da45848a955314cac2b2_Zone13_Img_Comb_1,0.029999999329447746
cdc104378c343877da1d94fcd94819fe_Zone6_Img_Comb_1,0.029999999329447746
ce658d4b38ecb750d51fd31940376122_Zone15_Img_Comb_1,0.029999999329447746
cf1d004491e557f11eb369dc1bdc6073_Zone1_Img_Comb_1,0.029999999329447746
d0827541db38dafa0b462b70e2f5008f_Zone13_Img_Comb_1,0.029999999329447746
d0827541db38dafa0b462b70e2f5008f_Zone1_Img_Comb_1,0.029999999329447746
d0b1875be1564f819b7c3971d38f6a1d_Zone17_Img_Comb_1,0.029999999329447746
d0bab94aa9281634f7996cd67b66ceb1_Zone6_Img_Comb_1,0.029999999329447746
d1e4deab23dd3e9fedacd71f8f4f4ae8_Zone1_Img_Comb_1,0.029999999329447746
d27178f5d1d6ac05f9bbe9dc0158d784_Zone1_Img_Comb_1,0.029999999329447746
d27f9e1fa0c2ca9ddae647815666f240_Zone6_Img_Comb_1,0.029999999329447746
d313f615dd44b07a6af2869f92665c41_Zone4_Img_Comb_1,0.029999999329447746
d3c7a5babbd6ce7242b61c3e28fa4d5a_Zone15_Img_Comb_1,0.029999999329447746
d3c7a5babbd6ce7242b61c3e28fa4d5a_Zone6_Img_Comb_1,0.029999999329447746
d4ff4ec966c7ad5b2b741ff4747fc252_Zone15_Img_Comb_1,0.029999999329447746
d4ff4ec966c7ad5b2b741ff4747fc252_Zone5_Img_Comb_1,0.029999999329447746
d584337ad615d84929f144698c1f5efa_Zone3_Img_Comb_1,0.029999999329447746
d6e7d5c4cd004f9480a151a442ead7ff_Zone15_Img_Comb_1,0.029999999329447746
d6e7d5c4cd004f9480a151a442ead7ff_Zone2_Img_Comb_1,0.029999999329447746
d73f48c83070cd90ea0c024b93951979_Zone12_Img_Comb_1,0.029999999329447746
d73f48c83070cd90ea0c024b93951979_Zone8_Img_Comb_1,0.029999999329447746
d78bcc549aaa09af770f2a05fbc97e5b_Zone4_Img_Comb_1,0.029999999329447746
d7bba8e9f303107db7a0feab67d8e895_Zone15_Img_Comb_1,0.029999999329447746
d7bba8e9f303107db7a0feab67d8e895_Zone3_Img_Comb_1,0.029999999329447746
d8710a2be4fa28baec042736d9537ebf_Zone16_Img_Comb_1,0.029999999329447746
d8da2f1b34a2494131a45785436ad1ba_Zone10_Img_Comb_1,0.029999999329447746
d904d73f5e53eed05fef89ce0032fc1c_Zone9_Img_Comb_1,0.029999999329447746
da92d0aae2f5450422d6306d450b90a0_Zone10_Img_Comb_1,0.029999999329447746
db44e0a5c630f31e41b8a1060bc48615_Zone17_Img_Comb_1,0.029999999329447746
db44e0a5c630f31e41b8a1060bc48615_Zone5_Img_Comb_1,0.029999999329447746
db73cda1eecf5c53168b9e60dbfe4600_Zone2_Img_Comb_1,0.029999999329447746
db792128393f41515b659304359029e2_Zone13_Img_Comb_1,0.029999999329447746
db9ebf315538650944c0cfad8c6ac70f_Zone6_Img_Comb_1,0.029999999329447746
dc834b5d53aaab3b7cc909a101f3c263_Zone12_Img_Comb_1,0.029999999329447746
ddd3c78c0af70e8d41cdf609347bfc21_Zone17_Img_Comb_1,0.029999999329447746
dfc053d81dd99368f5bd66d6d6f32710_Zone6_Img_Comb_1,0.029999999329447746
dfc053d81dd99368f5bd66d6d6f32710_Zone8_Img_Comb_1,0.029999999329447746
e00e3a2b4b32513eb31e203e1bb91d87_Zone11_Img_Comb_1,0.029999999329447746
e06b9551603d329dfe720f67e37ce87b_Zone10_Img_Comb_1,0.029999999329447746
e06b9551603d329dfe720f67e37ce87b_Zone2_Img_Comb_1,0.029999999329447746
e06b9551603d329dfe720f67e37ce87b_Zone7_Img_Comb_1,0.029999999329447746
e087226320cc189142228b5fb93ed58f_Zone10_Img_Comb_1,0.029999999329447746
e087226320cc189142228b5fb93ed58f_Zone4_Img_Comb_1,0.029999999329447746
e1015cda16ab447880b50054bfa6fac4_Zone11_Img_Comb_1,0.029999999329447746
e1015cda16ab447880b50054bfa6fac4_Zone16_Img_Comb_1,0.029999999329447746
e253adde4a0a6733cbf12a8e8a17d2d0_Zone14_Img_Comb_1,0.029999999329447746
e253adde4a0a6733cbf12a8e8a17d2d0_Zone15_Img_Comb_1,0.029999999329447746
e2727205665089f28cec8f2fe3bba381_Zone16_Img_Comb_1,0.029999999329447746
e299540987bf5ccf60ec2f2562ff67b1_Zone5_Img_Comb_1,0.029999999329447746
e2b431b503c61a1044815b9c53f3fe4f_Zone12_Img_Comb_1,0.029999999329447746
e356161eeeadb1bbdeda6644e244e8fc_Zone14_Img_Comb_1,0.029999999329447746
e36ec0125714375592191df6eac2517c_Zone2_Img_Comb_1,0.029999999329447746
e38dcb351fe15acd74d1b0352c0e0e48_Zone9_Img_Comb_1,0.029999999329447746
e3d0b351d11d49b2d3e69e41a9260ea0_Zone17_Img_Comb_1,0.029999999329447746
e466360d4bb93b710f63518eab8b37b9_Zone10_Img_Comb_1,0.029999999329447746
e466360d4bb93b710f63518eab8b37b9_Zone12_Img_Comb_1,0.029999999329447746
e48b103b2d8bedb994c0ce62e15d1662_Zone2_Img_Comb_1,0.029999999329447746
e48b103b2d8bedb994c0ce62e15d1662_Zone3_Img_Comb_1,0.029999999329447746
e6268cdf7c7c51ceb6ee2dd76eb8d356_Zone16_Img_Comb_1,0.029999999329447746
e6268cdf7c7c51ceb6ee2dd76eb8d356_Zone2_Img_Comb_1,0.029999999329447746
e75ec32aa94a4d092e6f59c3194aff2a_Zone7_Img_Comb_1,0.029999999329447746
e86230438a2d639091e811f7145c263c_Zone16_Img_Comb_1,0.029999999329447746
e90a4e95f97f28c201fe6e381035adab_Zone2_Img_Comb_1,0.029999999329447746
e90b05c111e7f0899d32bd2bad832961_Zone2_Img_Comb_1,0.029999999329447746
e946e8d899c3e968f56e36a80eb3b313_Zone14_Img_Comb_1,0.029999999329447746
e946e8d899c3e968f56e36a80eb3b313_Zone16_Img_Comb_1,0.029999999329447746
e972396f2c525bfc18bfdb300b3510d1_Zone8_Img_Comb_1,0.029999999329447746
ea729b325bbf9762d2d31ba6dbae62b3_Zone12_Img_Comb_1,0.029999999329447746
eb3e1410bfa1f034f6bed038684cfc29_Zone10_Img_Comb_1,0.029999999329447746
ebd66ad6f4f712e118714fdd9bbc7846_Zone14_Img_Comb_1,0.029999999329447746
ebf9858fc6af11b1d3e66dc2a5201bf1_Zone1_Img_Comb_1,0.029999999329447746
ec9c7903d4665303f7d3150399af8d84_Zone7_Img_Comb_1,0.029999999329447746
edfaf43f833e92abb754d6e37b6bb2e9_Zone15_Img_Comb_1,0.029999999329447746
ee58b1e752416fbd0c0928d1a49a13a6_Zone17_Img_Comb_1,0.029999999329447746
ef65be68dc196d4024ad499a4efd03fa_Zone11_Img_Comb_1,0.029999999329447746
ef65be68dc196d4024ad499a4efd03fa_Zone3_Img_Comb_1,0.029999999329447746
ef7bca7848bdf159c963a2a40bf50a09_Zone10_Img_Comb_1,0.029999999329447746
f03b8634f43016d4a5059b5d5484a688_Zone1_Img_Comb_1,0.029999999329447746
f05041385764c64376615154799b3c16_Zone2_Img_Comb_1,0.029999999329447746
f05041385764c64376615154799b3c16_Zone6_Img_Comb_1,0.029999999329447746
f0d8f82935f2c51431adf443e10616c6_Zone1_Img_Comb_1,0.029999999329447746
f0d9fcb2edeb34c694d3cb4602b83fda_Zone12_Img_Comb_1,0.029999999329447746
f1d5226e5afc63f5a696b7b1b64ae751_Zone1_Img_Comb_1,0.029999999329447746
f1d5226e5afc63f5a696b7b1b64ae751_Zone7_Img_Comb_1,0.029999999329447746
f49798fea19cafb93d31109d7bfce948_Zone11_Img_Comb_1,0.029999999329447746
f5283ffe7e484ffc640ebcf62b534f7b_Zone8_Img_Comb_1,0.029999999329447746
f6aa79cb1b8f487ab0dfd0c9a3943b50_Zone9_Img_Comb_1,0.029999999329447746
f7a768df99f624a0784950a2f7a965e0_Zone4_Img_Comb_1,0.029999999329447746
f86f310f5ce4153f9a460ae0ac02f7de_Zone4_Img_Comb_1,0.029999999329447746
f876f77244d756c2dc2135fa1688577f_Zone7_Img_Comb_1,0.029999999329447746
f94dc7adc9caa23f65f7d28373dc35cc_Zone2_Img_Comb_1,0.029999999329447746
f94dc7adc9caa23f65f7d28373dc35cc_Zone5_Img_Comb_1,0.029999999329447746
f96fe81c61c951792a43cb4851ca3829_Zone15_Img_Comb_1,0.029999999329447746
f96fe81c61c951792a43cb4851ca3829_Zone5_Img_Comb_1,0.029999999329447746
f97e59ce6a75340e260d950a096aea44_Zone2_Img_Comb_1,0.029999999329447746
faa3d6f358099ee2b091a5b87feca844_Zone3_Img_Comb_1,0.029999999329447746
fae2676a3d4bd35b0b7088fad9f2e554_Zone14_Img_Comb_1,0.029999999329447746
fae2676a3d4bd35b0b7088fad9f2e554_Zone15_Img_Comb_1,0.029999999329447746
fae2676a3d4bd35b0b7088fad9f2e554_Zone1_Img_Comb_1,0.029999999329447746
fb07ddc68370ee1a59ce61a50baf6ae3_Zone12_Img_Comb_1,0.029999999329447746
fb07ddc68370ee1a59ce61a50baf6ae3_Zone4_Img_Comb_1,0.029999999329447746
fb397be3a8a1e9312d8b97a95bc97ae6_Zone2_Img_Comb_1,0.029999999329447746
fbb1c4df6316910ca0e84ae0b5c2163e_Zone11_Img_Comb_1,0.029999999329447746
fbb90117079e5ada773c3d3136feede4_Zone15_Img_Comb_1,0.029999999329447746
fbb90117079e5ada773c3d3136feede4_Zone16_Img_Comb_1,0.029999999329447746
fbc9e3fad238379daf40652c8dafae58_Zone2_Img_Comb_1,0.029999999329447746
fc6d48b478cc8feb4cf77770d884f64d_Zone9_Img_Comb_1,0.029999999329447746
fc6fc6d5f3f714fbac11dd1491ea2b29_Zone4_Img_Comb_1,0.029999999329447746
fc6fc6d5f3f714fbac11dd1491ea2b29_Zone6_Img_Comb_1,0.029999999329447746
fcf366a672d2809b0d158180ecb4dd5c_Zone11_Img_Comb_1,0.029999999329447746
fcf366a672d2809b0d158180ecb4dd5c_Zone7_Img_Comb_1,0.029999999329447746
fd23dddfcd06dcb4dacc1731a348b8cd_Zone14_Img_Comb_1,0.029999999329447746
fd23dddfcd06dcb4dacc1731a348b8cd_Zone1_Img_Comb_1,0.029999999329447746
fe350eda846477990a05822cc76a2219_Zone14_Img_Comb_1,0.029999999329447746
ff4943024cb698b2258abd66fa6d6d62_Zone1_Img_Comb_1,0.029999999329447746
ff8d4d101cc5fb16bb06356f0e5f76a8_Zone11_Img_Comb_1,0.029999999329447746
ff8d4d101cc5fb16bb06356f0e5f76a8_Zone5_Img_Comb_1,0.029999999329447746
ffefec0cd4e1e2c3fe64bb93f082efdd_Zone4_Img_Comb_1,0.029999999329447746
ffefec0cd4e1e2c3fe64bb93f082efdd_Zone9_Img_Comb_1,0.029999999329447746
